feature,chi2,p_value,dof,cramers_v,n
id,960000.0,0.49952014698740926,959999,1.0,960000
type,47319.05051446376,0.0,19,0.2220150391735503,960000
language,20000.140598474987,0.0,54,0.14433807463756093,960000
